rank,uri,artist_names,track_name,source,peak_rank,previous_rank,weeks_on_chart,streams
1,"spotify:track:0zY2rypOdM8xmsf4tUyafF","Saiko","Supernova","2023 SAIKO",1,1,4,"4946796"
2,"spotify:track:4rKQ8daoK0aklVptea8A9E","Lola Indigo, Quevedo","EL TONTO","Universal Music Spain S.L.",1,2,4,"4836705"
3,"spotify:track:609E1JCInJncactoMmkDon","ROSALÍA, Rauw Alejandro","BESO","Columbia Records/Duars Entertainment/Sony Music Latin",1,3,7,"3799069"
4,"spotify:track:4aJzxp3gimtAdgJn3DL776","Jhayco, Quevedo","Mami Chula","N&E Entertainment LLC",4,4,2,"3728137"
5,"spotify:track:51FvjPEGKq2zByeeEQ43V9","Marshmello, Manuel Turizo","El Merengue","Sony Music Latin",4,5,10,"3444822"
6,"spotify:track:6XSqqQIy7Lm7SnwxS4NrGx","Feid, Young Miko","Classy 101","UMLE - Latino",4,6,6,"3307593"
7,"spotify:track:4FAKtPVycI4DxoOHC01YqD","Yandel, Feid","Yandel 150","La Leyenda LLC",1,8,20,"2993378"
8,"spotify:track:0DWdj2oZMBFSzRsi2Cvfzf","KAROL G, Shakira","TQG","UMLE - Latino",1,7,11,"2886583"
9,"spotify:track:26V1bLUk0SBYkLEwl4caPR","Chanel, Abraham Mateo","Clavaito","Sony Music Entertainment",9,36,2,"2833872"
10,"spotify:track:20CozgjF6bshBw8cLhN23B","Vicco","Nochentera","Sony Music Entertainment",9,9,14,"2680156"
11,"spotify:track:0Sfn2TYbpQtCGMBf6C0Y6T","Quevedo, Myke Towers","PLAYA DEL INGLÉS","Quevedo",2,12,22,"2458355"
12,"spotify:track:7MVIfkyzuUmQ716j8U7yGR","Taiu, Milo j","Rara Vez","Universal Music Argentina S.A.",5,10,12,"2377029"
13,"spotify:track:2UW7JaomAMuX9pZrjVpHAU","Yng Lvcas, Peso Pluma","La Bebe - Remix","WM Mexico",13,28,7,"2375185"
14,"spotify:track:04ndZkbKGthTgYSv3xS7en","TINI","Cupido","5020 Records",8,13,12,"2292693"
15,"spotify:track:0PB0O24JqAuNdOAFVJljMS","Eladio Carrion, Bad Bunny","Coco Chanel","Rimas Entertainment LLC",2,18,8,"2289817"
16,"spotify:track:0Iozrbed8spxoBnmtBMshO","Quevedo","WANDA","Quevedo",5,14,16,"2277078"
17,"spotify:track:7lrMkztvl0MnRSB2i3KRRe","Aitana","Los Ángeles","Universal Music Spain S.L.",3,11,7,"2238120"
18,"spotify:track:3Gs7mVfWKl567mjozgxmXv","Feid, Sean Paul","Niña Bonita","UMLE - Latino",18,21,3,"2211163"
19,"spotify:track:1DxEbt6OSbrkRthk6pjZue","LiL CaKe, Migrantes, Nico Valdi","MERCHO","Sony Music Argentina",3,19,16,"2137849"
20,"spotify:track:3qXZqXGniqNt3PK2CBSZgM","Eladio Carrion, Myke Towers","Si La Calle Llama - Remix","Rimas Entertainment LLC",7,15,8,"2115505"
21,"spotify:track:63lpWMzGpcjpN9DGoDbl7W","Rvfv","Que te vaya bien","NASTU MUSIC",20,20,3,"2088677"
22,"spotify:track:4WiQA1AGWHFvaxBU6bHghs","Quevedo","PUNTO G","Quevedo",1,22,27,"2074085"
23,"spotify:track:3tt9i3Hhzq84dPS8H7iSiJ","Manuel Turizo","La Bachata","Sony Music Latin/La Industria",1,23,50,"2064040"
24,"spotify:track:2f1PmEYmrl3a2ys44q3IeF","C. Tangana, pablopablo","Estrecho / Alvarado (feat. pablopablo)","Sony Music Entertainment",24,-1,1,"2012844"
25,"spotify:track:4rQu72zFJz3qne1bnEkVSt","Álvaro De Luna","Todo Contigo","WM Spain",25,25,8,"2006849"
26,"spotify:track:7q1KFoWUNYudhKW8RYJFsZ","Maikel Delacalle, Quevedo","Mi Nena Remix","Universal Music Spain S.L.",7,16,7,"1994319"
27,"spotify:track:7bfFmlLJ1LKr2E3AUsvq5P","Rvfv, Edu García","Antes","NASTU MUSIC",17,24,9,"1963996"
28,"spotify:track:6pD0ufEQq0xdHSsRbg9LBK","Grupo Frontera, Bad Bunny","un x100to","Rimas Entertainment LLC.",13,17,4,"1911694"
29,"spotify:track:2tTmW7RDtMQtBk7m2rYeSw","Bizarrap, Quevedo","Quevedo: Bzrp Music Sessions, Vol. 52","DALE PLAY Records",1,26,45,"1791911"
30,"spotify:track:31jtlGwefCdtqNOSpLq82U","Saiko, Came Beats","Polaris","2022 Saiko",24,27,15,"1699100"
31,"spotify:track:3qQbCzHBycnDpGskqOWY0E","Eslabon Armado, Peso Pluma","Ella Baila Sola","DEL Records",31,41,4,"1670961"
32,"spotify:track:1zsPaEkglFvxjAhrM8yhpr","Ozuna, Feid","Hey Mor","Aura Music Corp.",3,33,31,"1665901"
33,"spotify:track:4nrPB8O7Y7wsOCJdgXkthe","Bizarrap, Shakira","Shakira: Bzrp Music Sessions, Vol. 53","DALE PLAY Records",1,30,18,"1623441"
34,"spotify:track:0CYTGMBYkwUxrj1MWDLrC5","Feid","CHORRITO PA LAS ANIMAS","UMLE - Latino",17,34,23,"1604569"
35,"spotify:track:6peVAUzSxDlTigQw5T99O5","Mora","RÁPIDO","Rimas Entertainment LLC",35,44,2,"1553156"
36,"spotify:track:35XF6veSvhoPdWy89zaeaj","Aya Nakamura, Myke Towers","T'as peur","Rec. 118",25,29,6,"1547980"
37,"spotify:track:6IdcyYfBz9LG3SWIKVyNgh","Becky G, Omega","Arranca (feat. Omega)","Kemosabe Records/RCA Records",27,31,9,"1508877"
38,"spotify:track:2mnXxnrX5vCGolNkaFvVeM","Arcángel, Bad Bunny","La Jumpa","Rimas Entertainment LLC.",1,35,24,"1432316"
39,"spotify:track:1VsHc0qIeyjYOyvN5HIEQG","Anuel AA, DJ Luian, Mambo Kingz","Mejor Que Yo","Hear This Music LLC, GLAD Empire LLC & Real Hasta La Muerte LLC",39,-1,1,"1430319"
40,"spotify:track:2hLXUbsOU9cDb9RFva9FYr","Mora, Jhayco","MEMORIAS","Rimas Entertainment LLC",6,40,58,"1416932"
41,"spotify:track:66j4P6CdkPZQW5q0Lv3Vn8","YoSoyPlex, Ruven","Flow Violento - Remix","Plex Music",41,53,6,"1372569"
42,"spotify:track:4TrYGTVgWOe2s3ZPn5qFTa","Nicki Nicole, Rels B","qué le pasa conmigo?","Sony Music Latin/DALE PLAY Records",31,32,3,"1340974"
43,"spotify:track:36W1V6ft4fX7HQVSdIYL0J","Aissa, Saiko, JC Reyes, Nickzzy, El Bobe, Juseph, GIO","Las Bratz (Remix)","Aissa el Aslani Erra",27,39,9,"1329906"
44,"spotify:track:5q86iSKkBtOoNkdgEDY5WV","Quevedo","VISTA AL MAR","Quevedo",2,43,35,"1304360"
45,"spotify:track:3eqCJfgJJs8iKx49KO12s3","Feid","REMIX EXCLUSIVO","UMLE - Latino",15,38,8,"1294857"
46,"spotify:track:0FirgnvrpCkkhdaq64Gfen","Quevedo","YANKEE","Quevedo",8,56,16,"1261902"
47,"spotify:track:4DHcnVTT87F0zZhRPYmZ3B","Miley Cyrus","Flowers","Columbia",3,45,17,"1231201"
48,"spotify:track:1AOPHC5whvr8K359BZu4kp","Eladio Carrion, Anuel AA","Triste Verano","Rimas Entertainment LLC",22,37,4,"1214162"
49,"spotify:track:5OYRVKWII0Eog7CjQRnmGf","Myke Towers","MI DROGA","WEA Latina",18,42,7,"1196059"
50,"spotify:track:16dUQ4quIHDe4ZZ0wF1EMN","KAROL G, Ovy On The Drums","CAIRO","UMLE - Latino",18,49,26,"1173090"
51,"spotify:track:53tfEupEzQRtVFOeZvk7xq","ROSALÍA","DESPECHÁ","Columbia",1,46,42,"1162764"
52,"spotify:track:6otePxalBK8AVa20xhZYVQ","KAROL G","MIENTRAS ME CURO DEL CORA","UMLE - Latino",25,48,11,"1144115"
53,"spotify:track:6OzUIp8KjuwxJnCWkXp1uL","Wisin & Yandel, ROSALÍA","Besos Moja2","Sony Music Latin",6,47,32,"1128669"
54,"spotify:track:5jt25aFjW2kNoBqaEVaz5W","Mora, Feid","LA INOCENTE","Rimas Entertainment LLC",7,52,58,"1104717"
55,"spotify:track:3vKYvbzB7801a5qd47pxkm","Mora, Quevedo","APA","Rimas Entertainment LLC",1,50,27,"1090187"
56,"spotify:track:2CeKVsFFXG4QzA415QygGb","Feid","Feliz Cumpleaños Ferxxo","UMLE - Latino",10,54,38,"1072129"
57,"spotify:track:3pjvkWO9fqiRRBE1tDLu3S","Quevedo, Ovy On The Drums","SIN SEÑAL","Quevedo",4,51,42,"1056854"
58,"spotify:track:3k3NWokhRRkEPhCzPmV8TW","Bad Bunny, Bomba Estéreo","Ojitos Lindos","Rimas Entertainment LLC",2,60,53,"1020856"
59,"spotify:track:0DxzhQolKK8fd3y0BAAbf4","Duki","aPoLLo13","DALE PLAY Records / SSJ Records",59,-1,1,"968123"
60,"spotify:track:1LiN0Z98FkR1t0m8KmLcAH","Anuel AA, Haze","Amanece","House of Haze",6,59,73,"964247"
61,"spotify:track:0zPR15MfQqMMotAnKesKR4","Morad, Nicki Nicole","Paz","M.D.L.R",61,-1,1,"949281"
62,"spotify:track:3Eax1yebRxj6LSYpxE9Yd3","ROSALÍA, Rauw Alejandro","VAMPIROS","Columbia Records/Duars Entertainment/Sony Music Latin",9,55,7,"943502"
63,"spotify:track:0T2pB7P1VdXPhLdQZ488uH","Feid","Normal","UMLE - Latino",18,65,44,"912197"
64,"spotify:track:2I0aHZjCXh6UjMHIOqugYF","Rauw Alejandro, Angel Dior","TAMO EN NOTA","Sony Music Latin/Duars Entertainment",24,63,12,"897117"
65,"spotify:track:6Sq7ltF9Qa7SNFBsV5Cogx","Bad Bunny, Chencho Corleone","Me Porto Bonito","Rimas Entertainment LLC",2,64,53,"875780"
66,"spotify:track:3XjvMZqm2AQ8thMCD6w9w2","Anuel AA, Mambo Kingz, DJ Luian","Mas Rica Que Ayer","Real Hasta La Muerte, LLC & Hear This Music, LLC",16,70,10,"851470"
67,"spotify:track:7cQ0LAxT5HHCLGbxcjaxac","Bizarrap, Arcángel","Arcángel: Bzrp Music Sessions, Vol. 54","DALE PLAY Records",3,61,8,"843992"
68,"spotify:track:0TkIQ2I48rz4kpk1XpfyHq","Rvfv, Rels B","Mi Luz (ft. Rels B)","NASTU MUSIC",9,58,67,"842446"
69,"spotify:track:5IkKZvMCle5egJBU7VG4Ly","Lola Indigo","LA SANTA","Universal Music Spain S.L.",35,57,8,"819241"
70,"spotify:track:4NoOME4Dhf4xgxbHDT7VGe","KAROL G, Romeo Santos","X SI VOLVEMOS","UMLE - Latino",11,68,14,"796042"
71,"spotify:track:5R2hNuiiwnKVAUNktF9j2Y","sangiovanni, Aitana","mariposas","Universal Music Italia srL. (Sugar)",12,67,49,"788843"
72,"spotify:track:06s3QtMJVXw1AJX3UfvZG1","Anuel AA, Bad Bunny","Hasta Que Dios Diga","2020 Real Hasta La Muerte, LLC",2,73,71,"755926"
73,"spotify:track:2SiAcexM2p1yX6joESbehd","ROSALÍA","LLYLM","Columbia",4,74,15,"754411"
74,"spotify:track:5hHzqkPU6TQxWtV2cJqsMp","Wisin, Anuel AA","MI EXXX","La Base Music Group/ WK Records",60,62,3,"752522"
75,"spotify:track:4uVEdikP5eLUy8Dq6gjiPV","Rauw Alejandro, Daddy Yankee","PANTIES Y BRASIERES","Sony Music Latin/Duars Entertainment",26,66,15,"740894"
76,"spotify:track:3HqcNJdZ2seoGxhn0wVNDK","KAROL G","PROVENZA","UMLE - Latino",6,71,55,"734929"
77,"spotify:track:2oW52tBeJNSv93Ct5AJb8q","Sebastian Yatra","Una Noche Sin Pensar","UMLE - Latino",69,76,12,"724025"
78,"spotify:track:6ylDpki1VpIsc525KC1ojF","Sebastian Yatra","Tacones Rojos","UMLE - Latino",3,72,81,"706912"
79,"spotify:track:0fLOPPoyIaPTe8dm2Mrft3","Anuel AA","Tú No Lo Amas","2018 Real Hasta La Muerte, Inc.",77,81,18,"700193"
80,"spotify:track:5qP24CrDI0rmY5zwRvUfzU","Quevedo","AHORA QUÉ","Quevedo",2,75,16,"692026"
81,"spotify:track:2whW1Q8KTOODkGDakLZa6V","Jay Wheeler, Dei V, Hades66, Luar La L","Pacto (feat. Luar La L)","Linked Music / Dynamic Records / EMPIRE",81,93,2,"689096"
82,"spotify:track:41oY4WCTj5kccfesTVFnvN","Bad Bunny, Jhayco","Tarot","Rimas Entertainment LLC",2,83,53,"687067"
83,"spotify:track:1IHWl5LamUGEuP4ozKQSXZ","Bad Bunny","Tití Me Preguntó","Rimas Entertainment LLC",1,77,53,"680703"
84,"spotify:track:7dT6ccDqmMHvz5C0d8iUND","Abraham Mateo, Ana Mena","Quiero Decirte","Sony Music Entertainment",42,80,49,"676787"
85,"spotify:track:6G12ZafqofSq7YtrMqUm76","Shakira, Ozuna","Monotonía","Sony Music Latin",4,84,30,"671409"
86,"spotify:track:5yocaqYG38qpSSxV1t0o3D","Quevedo, Omar Montes","DAME","Quevedo",11,79,16,"669506"
87,"spotify:track:73ZTxlG3t79x4EY9EVGgPk","The Tyets","Coti x Coti","Luup Records",87,94,5,"665603"
88,"spotify:track:62sv8pbKqGwVeN4F20DSXM","Melendi","Un violinista en tu tejado","Parlophone Spain",85,85,7,"662355"
89,"spotify:track:3Z0l8qwMuC376pcutLVsY8","Myke Towers","AGUARDIENTE","WEA Latina",24,105,9,"661501"
90,"spotify:track:5TMLavqGRKNxgzMBrVpC9R","zzoilo, Aitana","Mon Amour - Remix","Universal Music Spain S.L.",1,78,91,"657931"
91,"spotify:track:6Xom58OOXk2SoU711L2IXO","Bad Bunny","Moscow Mule","Rimas Entertainment LLC",1,96,53,"654708"
92,"spotify:track:1F205Nl2feOSYSztLNOJAL","Eladio Carrion, Brytiago","3 Am","Rimas Entertainment LLC",87,87,39,"651656"
93,"spotify:track:1ZkIxbmM3ZUhn2OayBdwe5","Raul Clyde, Saiko","Tuenti - Remix","Raul Clyde x Saiko",74,82,11,"644581"
94,"spotify:track:5aY2pfyGLxBpuI4TruqmQx","Ana Mena, Belinda","LAS 12","Sony Music Entertainment",14,92,47,"634601"
95,"spotify:track:2o6pi3nx1UAYxuBccabCMQ","Pedro Capó","La Fiesta","Sony Music Latin",95,-1,1,"626884"
96,"spotify:track:2rurDawMfoKP4uHyb2kJBt","Shakira, Rauw Alejandro","Te Felicito","Sony Music Latin",5,91,55,"621760"
97,"spotify:track:1dw7qShk971xMD6r6mA4VN","KAROL G, Quevedo","PERO TÚ","UMLE - Latino",12,86,11,"619419"
98,"spotify:track:0xCRFfgIHOsmovVZzrFCoT","Rvfv, Morad, Pablo Mas","Dominicana","NASTU MUSIC",14,100,23,"617860"
99,"spotify:track:7tVRHbib3Qjfb8QVCMFLf9","Soge Culebra, Saiko","UNA ÚLTIMA VEZ","WM Spain",77,88,4,"614460"
100,"spotify:track:3uCkrD3jviXdkdScSlSabk","Ana Mena","Un Clásico","Sony Music Entertainment",56,97,16,"610717"
101,"spotify:track:6mmPpaltUZK7xjNlBPQQ0p","Rauw Alejandro, Chencho Corleone","Desesperados","Sony Music Latin/Duars Entertainment",1,102,74,"605979"
102,"spotify:track:0NO2zL0kw8sGGnaMvHKAZF","Cris Mj, Duki, Nicki Nicole, Standly, Stars Music Chile","Marisola - Remix","Virgin Music Chile",18,98,21,"605193"
103,"spotify:track:4jhHaLksdP8DJZzxYAjOSz","Eladio Carrion, Bad Bunny","Kemba Walker","Rimas Entertainment LLC",66,95,73,"604990"
104,"spotify:track:6VAS7m73rDopQe7BdrFMpD","Bizarrap, Tiago PZK","Tiago PZK: Bzrp Music Sessions, Vol. 48","DALE PLAY Records",1,89,72,"601894"
105,"spotify:track:4uUG5RXrOk84mYEfFvj3cK","David Guetta, Bebe Rexha","I'm Good (Blue)","Parlophone UK",20,104,37,"588313"
106,"spotify:track:0CLVh9I8uHfuyorOdLFim7","Beret, Estopa","Diablo","WM Spain",29,107,36,"587243"
107,"spotify:track:1s7oOCT8vauUh01PbJD6ps","Rema, Selena Gomez","Calm Down (with Selena Gomez)","Mavin Records / Jonzing World",39,123,29,"583921"
108,"spotify:track:3nfICwo20uiFdEGzgNUSrG","Aitana, Nicki Nicole","Formentera","Universal Music Spain S.L.",2,113,75,"577927"
109,"spotify:track:3xfWkp003WhKYWAk6vO0wv","Saiko, The Prodigiez","Sikora","2023 SAIKO",37,90,13,"577434"
110,"spotify:track:3fjN3y5x4hN53rykAN2LHQ","Rels B","cómo dormiste?","DALE PLAY Records / Flakk Team",8,103,40,"575716"
111,"spotify:track:54ELExv56KCAB4UP9cOCzC","Ñengo Flow, Bad Bunny","Gato de Noche","Rimas Entertainment LLC",7,111,20,"573531"
112,"spotify:track:70JnnNNAxPjvZGPwjJfX47","La La Love You, Axolotes Mexicanos","El Fin del Mundo","Subterfuge Records",38,114,148,"570331"
113,"spotify:track:4Dvkj6JhhA12EX05fT7y2e","Harry Styles","As It Was","Columbia",9,110,58,"568013"
114,"spotify:track:2lmWwBLVJ2P0HX491zkYws","Eladio Carrion","Mbappe","Rimas Entertainment LLC",9,106,25,"565305"
115,"spotify:track:5Eax0qFko2dh7Rl2lYs3bx","Bad Bunny","Efecto","Rimas Entertainment LLC",10,119,53,"557102"
116,"spotify:track:0quM3iWAOKw9OGIMBsppSC","India Martinez, Melendi","SI ELLA SUPIERA","Sony Music Entertainment",72,142,35,"550052"
117,"spotify:track:0otoSS2m3QjbDLzsHMobgK","Justin Quiles, Myke Towers","Whiskey y Coco","WEA Latina",31,116,17,"546020"
118,"spotify:track:7hlPoVZ1uz7FiQagPTVbQG","Daviles de Novelda, Abraham Mateo","Te Miro A La Cara","Sony Music Entertainment",28,127,15,"541977"
119,"spotify:track:6i1g5ZRmJZAkDwBaUZ3f2i","Luar La L","Caile","La Mafia Urbana Corp.",4,112,41,"540446"
120,"spotify:track:6Z4lXWlvGEZxAi3qnqY0WB","Lola Indigo, Luis Fonsi","CORAZONES ROTOS","Universal Music Spain S.L.",46,120,18,"540207"
121,"spotify:track:4UGqAW9i7NtE5mW9xzm6yk","Rauw Alejandro, Baby Rasta","PUNTO 40","Sony Music Latin/Duars Entertainment",7,115,33,"540023"
122,"spotify:track:7FlQk2gJ6TBrHHiidvdR2O","Becky G, KAROL G","MAMIII","Kemosabe Records/RCA Records",2,117,65,"537975"
123,"spotify:track:6ifUES3keWjwXgae8pXI3o","Danny Ocean","Me Rehúso","Atlantic Records",2,121,249,"529503"
124,"spotify:track:31i56LZnwE6uSu3exoHjtB","Bad Bunny","Neverita","Rimas Entertainment LLC",11,132,53,"526592"
125,"spotify:track:7jtQIBanIiJOMS6RyCx6jZ","Tom Odell","Another Love","ITNO/Columbia",53,122,58,"525101"
126,"spotify:track:4Q5bNe8cEp5KhDsQOIV2QB","Enol, Marmi, Beret","SANTORINI REMIX","WM Spain",126,-1,1,"524864"
127,"spotify:track:1A9PKAFEHMWgXNLpgf7k4J","Myke Towers","Piensan","2020 One World Music & Casablanca Records | Powered by GLAD Empire, LL",29,124,44,"524015"
128,"spotify:track:2LgxW2t2H6lAf7tJuOnxxj","Duki","Antes de Perderte","DALE PLAY Records / SSJ Records",20,128,49,"520352"
129,"spotify:track:1sbNEFiURUYfy024cJX8JG","Feid","Ferxxo 100","UMLE - Latino",65,130,49,"519688"
130,"spotify:track:3rdAz1fbUfZxYgaCviYhRo","Rauw Alejandro","Todo De Ti","Sony Music Latin/Duars Entertainment",1,126,103,"514123"
131,"spotify:track:0Bv7O6fmZk3GrNQFYJaXPn","La Pantera, Quevedo, Juseph, Abhir Hathi, Bejo, Cruz Cafuné, EL IMA","Cayó La Noche (feat. Cruz Cafuné, Abhir Hathi, Bejo, EL IMA) [Remix]","La Pantera",1,141,69,"511092"
132,"spotify:track:2QKVCfIDdHf16FkDPFHBHX","Myke Towers, Daddy Yankee","ULALA (OOH LA LA)","WEA Latina",15,129,24,"510349"
133,"spotify:track:03a359wbiUsjN9h6yzXvmS","Duki, KHEA","She Don't Give a Fo","DALE PLAY Records",15,118,157,"509086"
134,"spotify:track:1aUq8rjW1EwkAkMri4VfJy","Rauw Alejandro, Lyanno, Brray","LOKERA","Sony Music Latin/Duars Entertainment",13,134,41,"508753"
135,"spotify:track:6k5wiT5l9DK8iZmhvEvoqo","Brray, Jhayco, Ryan Castro","Corazón Roto - Remix","UMLE - Latino",85,99,4,"503554"
136,"spotify:track:1FlL8ycld6uVDDyhV7P5FA","Rauw Alejandro","Cúrame","Sony Music Latin/Duars Entertainment",2,144,98,"497222"
137,"spotify:track:5IlLm20JXhKbMtsH20NblC","Rels B","lo que hay x aquí","DALE PLAY Records / Flakk Team",29,69,9,"495500"
138,"spotify:track:0rvbMTIWwMZaMC9UnubDPb","Mora","DOMINGO DE BOTE","Rimas Entertainment LLC",8,136,23,"494774"
139,"spotify:track:4HYDUMY0xSpeBr0AMY9cUz","Jay Wheeler, DJ Nelson, Myke Towers","La Curiosidad","Linked Music / Dynamic Records / EMPIRE",2,125,141,"494410"
140,"spotify:track:1VB4sadHjFcFklHcZuoROi","Estopa","Como Camarón","Ariola",132,137,123,"494333"
141,"spotify:track:4MzXwWMhyBbmu6hOcLVD49","Bad Bunny, Jhayco","DÁKITI","Rimas Entertainment LLC",1,153,132,"486864"
142,"spotify:track:79euszUrA1kga1kK5PRmDo","Jhayco","Cuerpecito","N&E Entertainment LLC",40,101,6,"483813"
143,"spotify:track:1O2pcBJGej0pmH2Y9XZMs6","Cris Mj","Una Noche en Medellín","Nabru Records LLC",2,135,64,"476059"
144,"spotify:track:4FjkjrvfbB3C4eUqWlw3vB","Rvfv, Pablo Mas","Mami","NASTU MUSIC",17,145,64,"474347"
145,"spotify:track:2vsoD8S1OyrWSVIA43hjaU","Feid","Si Te La Encuentras Por Ahí","UMLE - Latino",10,140,40,"473290"
146,"spotify:track:2JPLbjOn0wPCngEot2STUS","Bad Bunny","Yonaguni","Rimas Entertainment LLC",2,138,101,"473157"
147,"spotify:track:4iaNmAvcZ6sPGvgZ6vQQdx","Quevedo, Linton","Ahora y Siempre","Quevedo",5,133,67,"472059"
148,"spotify:track:6ebo7CQn4ILLGvXRmXHhQz","TINI, Maria Becerra","Miénteme","5020 Records",3,139,106,"468337"
149,"spotify:track:5x17YrAwajDUCqB8zT9ElY","Tiago PZK, Myke Towers","Traductor","WEA Latina",22,108,43,"465518"
150,"spotify:track:4OwhwvKESFtuu06dTgct7i","Marc Seguí, Rauw Alejandro, Pol Granch","Tiroteo - Remix","WEA Latina",7,150,103,"463161"
151,"spotify:track:3o0OhPbX6vz6lzn63kg2CE","DELLAFUENTE","No te lo niego, ma dolío","MAAS",109,109,2,"462827"
152,"spotify:track:0fea68AdmYNygeTGI4RC18","J Balvin, Bad Bunny","LA CANCIÓN","Universal Music Latino / Rimas",6,146,162,"461601"
153,"spotify:track:3v1dCP3hk2djfWryqfp7sx","Melendi","Caminando por la vida","Parlophone Spain",152,154,81,"461280"
154,"spotify:track:2SRiJNA3yILEMOPbETtL6M","Myke Towers","VOODOO","WEA Latina",71,151,7,"459873"
155,"spotify:track:0eVborSuxUeSg0meWYd9dZ","Fito y Fitipaldis","Soldadito marinero","DRO/EastWest Spain",120,149,257,"457880"
156,"spotify:track:2NMjggapJcXXM7WccGEBUO","Bad Bunny","Enséñame a Bailar","Rimas Entertainment LLC",14,160,53,"457677"
157,"spotify:track:5S7FewmYYyLNdMOfeEcB6P","Mora","COMO HAS ESTAU?","Rimas Entertainment LLC",10,143,27,"453132"
158,"spotify:track:559YUIWxUc8Mx4lsla13Ff","Mora, YOVNGCHIMI","MODELITO","Rimas Entertainment LLC",21,166,17,"452345"
159,"spotify:track:6sHBvzRsuGunQTfCk18KXi","Juan Magán","Bailando por Ahi","Columbia",136,172,12,"448282"
160,"spotify:track:4Rjq1TZbF0bDstOs6SiI6J","Polimá Westcoast, Quevedo, Mora","LACONE","Sony Music Entertainment Chile S.A",11,158,24,"446520"
161,"spotify:track:5WxYU8RRzy5X0kC6Fx9SpI","C. Tangana, NATHY PELUSO","Ateo","Sony Music Entertainment",1,157,83,"445087"
162,"spotify:track:7JB29gnUowzSGRdIpeVqRQ","BM, Callejero Fino, La Joaqui, Lola Indigo","M.A - Remix","DALE PLAY Records / Wesaisons Records",98,155,4,"444984"
163,"spotify:track:5S8i9p2xS8M8pFqfZMbMzI","Rauw Alejandro, Subelo NEO","RON COLA","Sony Music Latin/Duars Entertainment",12,161,25,"442522"
164,"spotify:track:15wMJJiVpt2ABQw032Rywi","Quevedo","No Me digas Nada","Quevedo",12,148,31,"441577"
165,"spotify:track:0Fd3900xH77g0ARXQjtYvV","DePol","Quién Diría","PIES Compañía Discográfica",124,189,19,"435614"
166,"spotify:track:0G2zPzWqVjR68iNPmx2TBe","Mora, Bad Bunny, Sech","Volando - Remix","Rimas Entertainment LLC",3,159,96,"434961"
167,"spotify:track:4Dl8bEzhAEGbcwkQawS1XG","C. Tangana, ROSALÍA","Antes de Morirme (feat. ROSALÍA)","Agorazein",23,193,171,"434233"
168,"spotify:track:1VauUM5CBX7nkLcgafQL2B","Bizarrap, Eladio Carrion","Eladio Carrion: Bzrp Music Sessions, Vol. 40","DALE PLAY Records",12,152,89,"433656"
169,"spotify:track:2beS6dD5rovBxSA1zYoSHR","Jhayco, J Balvin, Bad Bunny","No Me Conoce - Remix","N&E Entertainment LLC",4,162,200,"428695"
170,"spotify:track:505v13epFXodT9fVAJ6h8k","KAROL G","AMARGURA","UMLE - Latino",122,199,4,"421960"
171,"spotify:track:04d4GpLedinwpfctvgOIhY","Quevedo, La Pantera","Piel de Cordero","Quevedo",2,169,65,"420439"
172,"spotify:track:6yCjU5j6YHbux2VQCBTTE1","Melendi","Tu jardín con enanitos","WM Spain",118,178,74,"419579"
173,"spotify:track:3GaGWoU1KfVqgl7vnRHP55","C. Tangana","Demasiadas Mujeres","Sony Music Entertainment",1,180,135,"418150"
174,"spotify:track:4yPmTUkWmUfLPQLCccp0DR","TINI, La Joaqui, Steve Aoki","Muñecas","5020 Records",41,170,17,"417411"
175,"spotify:track:3l9YiADzNmEvBfZVPEF49F","Mora","CALENTÓN","Rimas Entertainment LLC",7,168,32,"416458"
176,"spotify:track:24UStI5AYA7g5ufFDh3LH0","Fito y Fitipaldis","Por la boca vive el pez","DRO/Spain",136,173,23,"415369"
177,"spotify:track:0DXI6c9tNWsI4tvUftkQN8","Estopa","Tu Calorro","Ariola",175,-1,18,"414836"
178,"spotify:track:20NeR3CwuyGfRktTncKRU7","Pablo Alborán, Maria Becerra","Amigos (con Maria Becerra)","WM Spain",54,184,26,"413909"
179,"spotify:track:5ddFjrPG8NgQQ6xlOQIVd2","C. Tangana, Niño de Elche, La Húngara","Tú Me Dejaste De Querer","Sony Music Entertainment",1,175,131,"413033"
180,"spotify:track:18HOjcvTVV7W8YzBuOsAPS","Bad Bunny","Un Verano Sin Ti","Rimas Entertainment LLC",12,-1,35,"412487"
181,"spotify:track:5n2XTRsYFlZwNBp06KAjDX","Cosculluela, Bad Bunny","Madura","Rottweilas, Inc.",7,156,54,"410859"
182,"spotify:track:655JkvIwu2rDCaD1hPf04g","Sebastian Yatra, Myke Towers","Pareja Del Año","UMLE - Latino",1,174,108,"409322"
183,"spotify:track:3pUqOFuXETdcGRh8E587BE","Justin Quiles, Myke Towers, Ozuna","Whiskey y Coco - Remix","WEA Latina",183,-1,1,"408893"
184,"spotify:track:6C1RD7YQVvt3YQj0CmuTeu","Bad Bunny, Ozuna, Farruko, Arcángel, Ñengo Flow, DJ Luian, Mambo Kingz","Diles","Rimas Entertainment LLC",79,187,124,"408412"
185,"spotify:track:63ZedTAVRCICh2CNLWnsPZ","Beny Jr, Morad, K y B","Sigue","K y B",16,-1,54,"407255"
186,"spotify:track:3SK45LddxlEkzI8OWO9Eyo","C. Tangana, Gipsy Kings, Nicolás Reyes, Tonino Baliardo","Ingobernable","Sony Music Entertainment",2,197,109,"406722"
187,"spotify:track:1wqQks7huD10fXqgXd3qGR","Prok, JC Reyes","Brigantes","Prok",167,167,2,"405272"
188,"spotify:track:4k7CNPArKLf4QuvGfMeHDk","Chencho Corleone","Un Cigarrillo","Sony Music Latin",188,-1,1,"404243"
189,"spotify:track:76OGwb5RA9h4FxQPT33ekc","Rosa Linn","SNAP","Columbia",75,182,43,"402688"
190,"spotify:track:6DoL1yYIwEW7VZMRaJhoJI","Chris Jedi, Anuel AA, Chencho Corleone, Ñengo Flow","La Llevo Al Cielo (Ft. Ñengo Flow)","UMLE - Latino",7,194,51,"401513"
191,"spotify:track:3mFNc5EQn30irR983Wg9OD","KAROL G, Bad Gyal, Sean Paul","KÁRMIKA","UMLE - Latino",27,176,11,"400250"
192,"spotify:track:6b2HYgqcK9mvktt4GxAu72","Justin Quiles, Chimbala, Zion & Lennox","Loco","WEA Latina",4,-1,90,"394026"
193,"spotify:track:50naDXYjnGlLgrE7yUxsok","Quevedo","LISBOA","Quevedo",16,147,16,"392609"
194,"spotify:track:3pDhN3qB33AOPhQEkUCaWt","Daddy Yankee","Limbo","Capitol Latin",151,164,7,"392108"
195,"spotify:track:20RGQHWvqyyacpuxMBeLsZ","El Taiger, DJ Conds","La Historia","El Taiger",5,181,94,"389352"
196,"spotify:track:2tkDf7W81NUS5EnZLHK93h","Sen Senra, Sky Rompiendo","Uno De Eses Gatos","Universal Music Spain S.L.",196,-1,1,"388634"
197,"spotify:track:7k3qWn8D43a5ISa3x8lJux","Anuel AA","¿Qué Nos Pasó?","Real Hasta La Muerte, LLC",49,-1,40,"387323"
198,"spotify:track:4iGnpp1h0i33lpoP42Y8Jt","Aitana, Emilia, Ptazeta","Quieres","Universal Music Spain S.L.",28,-1,41,"387066"
199,"spotify:track:1b62AO1IzcVr5SOgoguc9o","Eladio Carrion, Bizarrap, Duki","Sin Frenos","Rimas Entertainment LLC",48,188,54,"385140"
200,"spotify:track:0tu5F0rmLZYIdUMEvfRXAo","Álvaro De Luna","Juramento eterno de sal","WM Spain",17,-1,110,"383991"
